timestamp,health,primary_ammo,primary_in_mag,secondary_ammo,secondary_in_mag,prev_health_3s,enemy_shown,action_took
1747322674.4035828,100,17,40,10,50,100,0,hold
1747322684.4279737,100,13,40,10,50,100,0,hold
1747322685.4326963,100,8,40,10,50,100,0,reload
1747322691.4421985,100,9,24,10,50,100,0,change_secondary
1747322691.4421985,100,9,24,10,50,100,0,change_secondary
1747322692.4434297,100,4,24,10,50,100,0,reload
1747322692.4434297,100,4,24,10,50,100,0,reload
1747322692.4434297,100,4,24,10,50,100,0,change_primary
1747322693.4475489,100,4,24,10,50,100,0,reload
1747322693.4475489,100,4,24,10,50,100,0,reload
1747322693.4475489,100,4,24,10,50,100,0,reload
1747322698.4544594,100,9,8,10,50,100,0,reload
1747322705.4689908,100,3,40,10,50,100,0,change_secondary
1747322706.4703784,100,20,20,10,50,100,0,change_secondary
1747322708.4733078,100,19,20,10,50,100,0,change_secondary
1747322711.4765978,100,18,20,10,40,100,0,change_primary
1747322711.4765978,100,18,20,10,40,100,0,change_primary
1747322712.4776728,100,18,20,10,40,100,0,change_primary
1747322712.4776728,100,18,20,10,40,100,0,change_primary
1747322712.4776728,100,18,20,10,40,100,0,change_primary
1747322715.4866617,100,6,20,10,40,100,0,change_secondary
1747322715.4866617,100,6,20,10,40,100,0,change_secondary
1747322719.4914691,100,2,20,4,40,100,0,change_primary
1747322719.4914691,100,2,20,4,40,100,0,change_primary
1747322722.4966156,100,2,20,7,30,100,0,change_primary
1747322729.5082617,78,0,0,3,30,78,0,change_secondary
1747322738.5224407,78,0,0,10,10,78,0,change_primary
1747322738.5224407,78,0,0,10,10,78,0,change_primary
1747322739.5250866,78,0,0,10,10,78,0,reload
1747322739.5250866,78,0,0,10,10,78,0,reload
1747322741.532376,78,0,0,10,10,78,0,change_secondary
1747322741.532376,78,0,0,10,10,78,0,change_secondary
1747322752.551178,62,0,40,0,0,78,1,hold
1747322755.5551536,62,0,40,0,0,62,1,change_primary
1747322755.5551536,62,0,40,0,0,62,1,change_primary
1747322765.570195,100,10,60,10,50,100,0,hold
1747322771.5804284,100,13,40,10,50,100,1,change_secondary
1747322771.5804284,100,13,40,10,50,100,1,change_secondary
1747322776.5886753,62,13,40,5,40,84,1,change_primary
1747322786.6043227,3,12,40,5,40,3,0,hold
1747322796.6378067,3,1,20,5,40,3,0,hold
1747322806.6699586,100,19,40,10,50,100,0,hold
1747322809.673769,100,8,40,10,50,100,0,reload
1747322813.6865163,100,13,27,10,50,100,0,reload
1747322813.6865163,100,13,27,10,50,100,0,reload
1747322823.702779,100,0,20,10,50,100,0,hold
1747322829.713563,100,3,0,10,50,100,0,reload
1747322830.7151878,100,0,0,10,50,100,0,change_secondary
1747322830.7151878,100,0,0,10,50,100,0,change_secondary
1747322841.733487,60,0,0,10,30,100,0,hold
1747322845.7411296,60,0,0,1,30,60,0,change_primary
1747322847.7467525,60,20,20,1,30,60,0,reload
1747322847.7467525,60,20,20,1,30,60,0,reload
1747322857.7652192,100,19,40,10,50,100,0,hold
1747322867.7891617,100,20,20,10,50,100,0,hold
1747322868.7910492,100,14,20,10,50,100,0,reload
1747322872.8043895,100,15,11,10,50,100,0,change_secondary
1747322874.8137457,100,15,11,10,50,100,0,change_primary
1747322876.8185,78,8,11,10,50,100,0,change_secondary
1747322876.8185,78,8,11,10,50,100,0,change_secondary
1747322879.8293107,78,5,11,7,50,78,0,change_primary
1747322879.8293107,78,5,11,7,50,78,0,change_primary
1747322880.8348062,78,5,11,3,50,78,0,reload
1747322880.8348062,78,5,11,3,50,78,0,reload
1747322885.8532486,78,1,0,3,50,78,0,change_secondary
1747322885.8532486,78,1,0,3,50,78,0,change_secondary
1747322896.9196863,4294967288,0,0,6,30,34,0,hold
1747322902.9314795,100,14,40,10,50,100,0,reload
1747322903.932995,100,20,31,10,50,100,0,reload
1747322910.9541516,100,3,31,10,50,100,0,reload
1747322910.9541516,100,3,31,10,50,100,0,reload
1747322916.9705772,100,3,12,10,50,100,0,reload
1747322921.9871628,100,6,40,10,50,100,0,reload
1747322926.0047095,100,12,60,10,50,100,0,reload
1747322937.038932,4294967290,17,28,10,50,100,1,hold
1747322947.0626748,100,20,20,10,50,100,0,hold
1747322957.087974,100,5,40,10,50,100,1,hold
1747322958.088902,100,1,40,10,50,100,0,reload
1747322964.1004174,100,10,20,10,50,100,0,reload
1747322964.1004174,100,10,20,10,50,100,0,reload
1747322968.104547,84,13,50,10,50,100,0,reload
1747322978.1220942,84,8,40,10,50,84,0,reload
1747322978.1220942,84,8,40,10,50,84,0,reload
1747322978.1220942,84,8,40,10,50,84,0,reload
1747322982.130844,84,15,60,10,50,84,0,reload
1747322982.130844,84,15,60,10,50,84,0,reload
1747322984.1337452,84,20,51,10,50,84,0,change_secondary
1747322985.134734,84,20,51,10,50,84,0,change_secondary
1747322985.134734,84,20,51,10,50,84,0,change_secondary
1747322990.1473136,62,20,51,6,40,62,1,change_primary
1747322991.15481,62,20,51,6,40,62,0,reload
1747323001.1957111,100,19,60,10,50,0,0,hold
1747323011.212607,78,20,29,10,50,100,0,hold
1747323013.2170327,78,20,29,10,50,100,1,change_secondary
1747323013.2170327,78,20,29,10,50,100,1,change_secondary
1747323014.2187953,78,20,29,10,50,78,0,change_primary
1747323021.2303305,78,17,9,10,50,78,1,change_secondary
1747323023.232641,78,15,9,9,50,78,0,change_primary
1747323024.2382545,78,15,9,5,50,78,0,reload
1747323024.2382545,78,15,9,5,50,78,0,reload
1747323030.2541072,4294967292,10,4,5,50,78,0,change_secondary
1747323030.2541072,4294967292,10,4,5,50,78,0,change_secondary
1747323033.2618995,100,20,40,7,50,4294967292,0,change_primary
1747323033.2618995,100,20,40,7,50,4294967292,0,change_primary
1747323043.2838476,40,8,60,6,50,100,0,reload
1747323043.2838476,40,8,60,6,50,100,0,reload
1747323054.3055031,4294967288,1,60,6,50,40,1,hold
1747323064.3255718,14,20,20,10,50,84,0,hold
1747323074.3394167,100,6,40,10,50,100,0,hold
1747323080.3551428,87,5,20,10,50,100,0,change_secondary
1747323084.3632803,29,3,20,10,40,81,0,change_primary
1747323088.368535,29,3,20,4,40,29,0,change_primary
1747323088.368535,29,3,20,4,40,29,0,change_primary
1747323089.369427,29,3,20,1,40,29,0,reload
1747323089.369427,29,3,20,1,40,29,0,reload
1747323097.383425,28,3,43,1,40,29,0,reload
1747323097.383425,28,3,43,1,40,29,0,reload
1747323108.414374,100,2,40,10,50,100,0,hold
1747323109.415357,100,0,40,10,50,100,0,change_secondary
1747323118.430953,100,19,40,10,50,100,0,change_secondary
1747323118.430953,100,19,40,10,50,100,0,change_secondary
1747323122.44087,100,19,40,10,40,100,0,change_primary
1747323125.4466057,82,19,40,2,40,100,0,change_primary
1747323132.463577,22,12,20,2,40,22,0,change_secondary
1747323132.463577,22,12,20,2,40,22,0,change_secondary
1747323139.481987,100,20,40,10,50,22,0,change_primary
1747323139.481987,100,20,40,10,50,22,0,change_primary
1747323146.5417252,100,0,40,10,50,100,0,change_secondary
1747323146.5417252,100,0,40,10,50,100,0,change_secondary
1747323150.5512342,100,20,40,10,50,40,0,change_secondary
1747323154.5630422,100,20,40,8,50,100,0,change_primary
1747323161.5760756,40,5,40,6,50,40,0,change_secondary
1747323166.5839322,100,19,40,10,50,40,0,change_secondary
1747323166.5839322,100,19,40,10,50,40,0,change_primary
1747323168.5866203,100,19,40,10,50,4294967254,0,change_secondary
1747323169.5879593,100,19,40,9,50,100,0,change_primary
1747323169.5879593,100,19,40,9,50,100,0,change_primary
1747323171.5948608,100,19,40,9,50,100,0,change_primary
1747323171.5948608,100,19,40,9,50,100,0,change_primary
1747323171.5948608,100,19,40,9,50,100,0,change_secondary
1747323171.5948608,100,19,40,9,50,100,0,change_secondary
1747323172.6000202,100,19,40,9,50,100,0,change_primary
1747323172.6000202,100,19,40,9,50,100,0,change_primary
1747323176.608588,100,16,40,9,50,100,0,change_secondary
1747323184.625644,82,9,60,10,30,100,0,change_primary
1747323186.628732,82,9,60,9,30,100,1,change_primary
1747323186.628732,82,9,60,9,30,100,1,change_primary
1747323188.6310391,80,2,60,5,30,82,0,reload
1747323188.6310391,80,2,60,5,30,82,0,reload
1747323194.6444478,80,6,60,5,30,80,0,reload
1747323201.653686,80,20,22,5,30,80,0,change_secondary
1747323202.6597838,80,20,22,5,30,80,0,change_secondary
1747323202.6597838,80,20,22,5,30,80,0,change_secondary
1747323203.6619897,80,19,22,5,30,80,0,change_secondary
1747323203.6619897,80,19,22,5,30,80,0,change_secondary
1747323210.681005,100,20,40,10,50,4294967273,0,change_primary
1747323210.681005,100,20,40,10,50,4294967273,0,change_primary
1747323218.695296,100,3,60,10,50,100,0,change_secondary
1747323218.695296,100,3,60,10,50,100,0,change_secondary
1747323220.6985598,100,3,60,2,50,100,0,change_primary
1747323220.6985598,100,3,60,2,50,100,0,change_primary
1747323229.7135851,46,14,20,2,50,64,1,change_primary
1747323229.7135851,46,14,20,2,50,64,1,change_primary
1747323229.7135851,46,14,20,2,50,64,1,change_secondary
1747323234.7205358,46,12,20,8,40,46,0,change_primary
1747323239.768327,46,2,20,4,40,46,0,change_primary
1747323239.768327,46,2,20,4,40,46,0,change_primary
1747323242.7731225,46,20,0,4,40,46,0,reload
1747323242.7731225,46,20,0,4,40,46,0,reload
1747323243.7754424,46,17,0,4,40,46,0,reload
1747323243.7754424,46,17,0,4,40,46,0,reload
1747323243.7754424,46,17,0,4,40,46,0,change_secondary
1747323243.7754424,46,17,0,4,40,46,0,change_secondary
1747323245.778875,46,17,0,10,30,46,1,reload
1747323246.7800527,46,17,0,10,30,46,1,reload
1747323246.7800527,46,17,0,10,30,46,1,reload
1747323246.7800527,46,17,0,10,30,46,1,reload
1747323246.7800527,46,17,0,10,30,46,1,reload
1747323246.7800527,46,17,0,10,30,46,1,reload
1747323248.7832274,46,17,0,3,30,46,0,reload
1747323248.7832274,46,17,0,3,30,46,0,reload
1747323248.7832274,46,17,0,3,30,46,0,reload
1747323248.7832274,46,17,0,3,30,46,0,reload
1747323250.7862253,46,17,0,10,20,46,0,reload
1747323250.7862253,46,17,0,10,20,46,0,reload
1747323256.8034542,100,20,40,10,50,30,0,change_secondary
1747323256.8034542,100,20,40,10,50,30,0,change_secondary
1747323258.8154655,89,20,40,6,50,4294967266,0,reload
1747323258.8154655,89,20,40,6,50,4294967266,0,reload
1747323258.8154655,89,20,40,6,50,4294967266,0,reload
1747323263.8275766,25,20,40,2,45,29,0,reload
1747323263.8275766,25,20,40,2,45,29,0,reload
1747323264.829531,25,20,40,10,35,25,0,change_primary
1747323264.829531,25,20,40,10,35,25,0,change_primary
1747323267.8337176,4294967285,20,40,10,35,25,0,change_primary
1747323268.8354428,100,19,40,10,50,7,0,reload
1747323272.8472486,100,11,35,10,50,100,0,reload
1747323275.8559897,100,14,24,10,50,100,0,reload
1747323278.8640726,100,15,16,10,50,100,0,reload
1747323278.8640726,100,15,16,10,50,100,0,reload
1747323283.8734038,100,8,44,10,50,100,0,reload
1747323283.8734038,100,8,44,10,50,100,0,reload
1747323286.9148471,100,12,32,10,50,100,0,reload
1747323289.9185383,100,16,60,10,50,100,0,reload
1747323289.9185383,100,16,60,10,50,100,0,reload
1747323292.9262097,100,19,49,10,50,100,0,reload
1747323292.9262097,100,19,49,10,50,100,0,reload
1747323296.9319587,100,11,40,10,50,100,0,reload
1747323296.9319587,100,11,40,10,50,100,0,reload
1747323299.9364245,100,15,30,10,50,100,0,reload
1747323299.9364245,100,15,30,10,50,100,0,reload
1747323303.951885,100,9,21,10,50,100,0,reload
1747323303.951885,100,9,21,10,50,100,0,reload
1747323303.951885,100,9,21,10,50,100,1,reload
1747323305.9592502,100,7,21,10,50,100,0,reload
1747323305.9592502,100,7,21,10,50,100,0,reload
1747323308.9843974,91,19,3,10,50,100,0,change_secondary
1747323308.9843974,91,19,3,10,50,100,0,change_secondary
1747323318.0233912,29,17,3,3,40,73,0,reload
1747323329.0625987,100,19,40,10,50,29,0,hold
1747323339.0903902,78,14,20,10,50,78,1,hold
1747323349.1333044,4294967262,20,0,10,50,4294967262,0,hold
1747323359.1546853,4294967262,20,0,10,50,4294967262,0,hold
1747323366.212555,100,20,40,10,50,4294967262,0,change_primary
1747323366.212555,100,20,40,10,50,4294967262,0,change_secondary
1747323366.212555,100,20,40,10,50,4294967262,0,change_primary
1747323371.2269166,100,15,40,10,50,100,0,reload
1747323374.2313316,100,20,29,10,50,100,0,change_secondary
1747323378.2416186,100,20,29,10,40,100,0,change_primary
1747323378.2416186,100,20,29,10,40,100,0,change_primary
1747323378.2416186,100,20,29,10,40,100,0,change_primary
1747323381.2462547,18,7,29,9,40,100,1,reload
1747323381.2462547,18,7,29,9,40,100,1,reload
1747323389.2609918,100,10,40,10,50,100,0,reload
1747323389.2609918,100,10,40,10,50,100,0,reload
1747323394.2766404,78,1,25,10,50,100,1,reload
1747323394.2766404,78,1,25,10,50,100,1,reload
1747323401.3119943,100,20,40,10,50,4294967292,0,change_secondary
1747323402.313985,100,20,40,10,50,4294967292,0,change_primary
1747323402.313985,100,20,40,10,50,4294967292,0,change_primary
1747323402.313985,100,20,40,10,50,4294967292,0,change_secondary
1747323402.313985,100,20,40,10,50,4294967292,0,change_secondary
1747323403.3157916,100,20,40,10,50,100,0,change_secondary
1747323403.3157916,100,20,40,10,50,100,0,change_secondary
1747323406.325781,100,20,40,7,50,100,0,change_primary
1747323407.3277962,100,20,40,6,50,100,0,change_primary
1747323407.3277962,100,20,40,6,50,100,0,change_primary
1747323407.3277962,100,20,40,6,50,100,0,change_secondary
1747323408.3290272,100,20,40,6,50,100,0,change_primary
1747323408.3290272,100,20,40,6,50,100,0,change_primary
1747323408.3290272,100,20,40,6,50,100,0,change_primary
1747323411.338238,100,4,40,6,50,100,1,change_secondary
1747323411.338238,100,4,40,6,50,100,1,change_secondary
1747323412.3394125,100,20,20,6,50,100,1,change_primary
1747323412.3394125,100,20,20,6,50,100,1,change_primary
1747323415.3443894,100,10,20,6,50,100,0,change_secondary
1747323425.3619668,4294967288,9,20,7,30,52,0,change_secondary
1747323425.3619668,4294967288,9,20,7,30,52,0,hold
1747323426.3785632,100,19,40,10,50,4294967288,0,change_primary
1747323426.3785632,100,19,40,10,50,4294967288,0,change_secondary
1747323429.3818824,100,19,40,1,50,100,0,change_primary
1747323429.3818824,100,19,40,1,50,100,0,change_primary
1747323432.3892682,100,15,40,1,50,100,0,change_secondary
1747323436.3950834,73,8,40,8,40,100,0,change_primary
1747323438.3976085,13,5,40,5,40,73,0,reload
1747323443.4086597,100,20,60,10,50,4294967260,1,reload
1747323447.4138758,20,7,60,10,50,100,0,reload
1747323451.4273548,20,10,44,10,50,20,0,reload
1747323451.4273548,20,10,44,10,50,20,0,reload
1747323451.4273548,20,10,44,10,50,20,0,reload
1747323460.4455686,14,8,30,10,50,20,0,reload
1747323460.4455686,14,8,30,10,50,20,0,reload
1747323465.4616256,14,5,18,10,50,14,1,reload
1747323466.46334,14,20,0,10,50,14,0,change_secondary
1747323467.4652343,14,20,0,10,50,14,0,change_secondary
1747323467.4652343,14,20,0,10,50,14,0,change_secondary
1747323467.4652343,14,20,0,10,50,14,0,change_secondary
1747323467.4652343,14,20,0,10,50,14,0,change_secondary
1747323471.472355,14,20,0,1,50,14,0,reload
1747323471.472355,14,20,0,1,50,14,0,reload
1747323478.4824104,100,20,40,10,50,14,0,change_secondary
1747323478.4824104,100,20,40,10,50,14,0,change_secondary
1747323488.50792,100,20,40,5,40,100,0,hold
1747323489.5092628,100,20,40,5,40,100,0,change_primary
1747323489.5092628,100,20,40,5,40,100,0,change_primary
1747323497.523769,100,20,40,10,50,25,0,change_secondary
1747323507.540298,78,20,40,5,40,78,0,hold
1747323508.54188,78,20,40,10,30,78,0,change_primary
1747323508.54188,78,20,40,10,30,78,0,change_primary
1747323509.5433218,78,20,40,10,30,78,0,change_primary
1747323509.5433218,78,20,40,10,30,78,0,change_primary
1747323509.5433218,78,20,40,10,30,78,1,change_primary
1747323509.5433218,78,20,40,10,30,78,1,change_primary
1747323512.5478861,78,10,40,10,30,78,0,reload
1747323512.5478861,78,10,40,10,30,78,0,reload
1747323516.5552025,61,8,30,10,30,78,1,reload
1747323520.5608456,50,9,15,10,30,61,1,reload
1747323520.5608456,50,9,15,10,30,61,1,reload
1747323522.563137,50,20,4,10,30,50,0,change_secondary
1747323526.5741408,50,14,4,2,30,50,0,reload
1747323527.5754886,50,14,4,10,20,50,0,change_primary
1747323527.5754886,50,14,4,10,20,50,0,change_primary
1747323528.5763707,50,14,4,10,20,50,0,change_primary
1747323529.57758,50,14,4,10,20,50,0,reload
1747323530.5789986,50,14,0,10,20,50,1,change_secondary
1747323530.5789986,50,14,0,10,20,50,1,change_secondary
1747323531.5800807,50,14,0,10,20,50,1,change_secondary
1747323531.5800807,50,14,0,10,20,50,1,change_secondary
1747323531.5800807,50,14,0,10,20,50,1,change_secondary
1747323533.5829346,50,7,0,10,20,50,0,change_secondary
1747323533.5829346,50,7,0,10,20,50,0,change_secondary
1747323536.5903592,50,4,0,3,20,50,1,reload
1747323536.5903592,50,4,0,3,20,50,1,reload
1747323546.607094,4294967288,4,0,2,12,4294967288,0,hold
1747323556.6307442,4294967288,4,0,2,12,4294967288,0,hold
1747323566.6577642,100,20,40,10,50,100,0,hold
1747324344.9952443,4294967285,20,40,10,50,4294967285,0,change_secondary
1747324355.010789,91,20,40,9,50,91,0,hold
1747324365.0344644,91,20,40,9,50,91,0,hold
1747324375.0657215,91,20,40,9,50,91,0,hold
1747324376.0674257,91,20,40,9,50,91,0,change_primary
1747324376.0674257,91,20,40,9,50,91,0,change_primary
1747324386.0944722,50,12,60,9,50,91,0,hold
1747324387.0958104,50,6,60,9,50,91,0,reload
1747324387.0958104,50,6,60,9,50,91,0,reload
1747324396.1177187,50,11,46,9,50,50,0,reload
1747324396.1177187,50,11,46,9,50,50,0,reload
1747324406.1361976,50,20,37,9,50,50,0,hold
1747324415.1542811,100,18,40,10,50,4294967295,0,change_secondary
1747324415.1542811,100,18,40,10,50,4294967295,0,change_secondary
1747324425.1739233,100,18,40,6,50,100,0,hold
1747324428.1798093,100,18,40,4,50,100,0,change_primary
1747324428.1798093,100,18,40,4,50,100,0,change_primary
1747324438.19881,84,18,40,4,50,84,0,hold
1747324448.2316768,4294967266,20,20,4,50,52,0,hold
1747324458.3533614,74,16,40,10,70,100,0,hold
1747324468.3976233,67,20,40,10,70,67,1,hold
1747324478.414712,100,20,40,3,70,100,1,change_primary
1747324478.414712,100,20,40,3,70,100,1,change_primary
1747324488.4306269,100,19,40,3,70,100,0,hold
1747324498.4527206,100,20,40,10,50,4294967292,0,change_secondary
1747324498.4527206,100,20,40,10,50,4294967292,0,change_secondary
1747324502.4621177,100,20,40,4,50,100,0,change_primary
1747324507.4685533,100,5,60,0,50,100,0,reload
1747324515.4819257,100,18,43,0,50,100,0,reload
1747324525.505865,100,14,41,0,50,100,0,hold
1747324535.5297801,100,1,60,0,50,100,1,hold
1747324545.5470715,78,9,40,0,50,78,1,hold
1747324548.5511112,100,20,40,10,50,78,0,change_secondary
1747324548.5511112,100,20,40,10,50,78,0,change_secondary
1747324549.5578678,100,20,40,10,50,4294967223,0,change_primary
1747324559.5893524,100,3,40,10,50,100,0,hold
1747324569.6167624,100,20,40,10,50,8,0,hold
1747324579.6455526,100,5,60,10,50,100,1,hold
1747324589.6687531,4294967256,20,20,10,50,100,0,hold
1747324599.7254755,100,7,60,10,50,100,0,reload
1747324599.7254755,100,7,60,10,50,100,0,reload
1747324609.767395,100,20,27,10,50,100,0,hold
1747324612.775515,95,15,27,10,50,100,0,change_secondary
1747324612.775515,95,15,27,10,50,100,0,change_secondary
1747324622.8304005,100,15,40,10,50,100,0,hold
1747324632.8664486,100,20,40,10,50,4294967284,0,hold
1747324642.9181216,100,5,40,10,50,100,0,hold
1747324652.9669054,18,13,0,10,50,100,0,hold
1747324653.9710622,18,7,0,10,50,100,1,change_secondary
1747324665.0126028,100,20,40,10,50,4294967241,0,hold
1747324674.0384204,100,10,40,10,50,100,0,change_primary
1747324674.0384204,100,10,40,10,50,100,0,change_primary
1747324675.0411718,40,6,40,10,50,100,0,change_secondary
1747324679.0464246,100,20,40,10,50,40,0,change_primary
1747324679.0464246,100,20,40,10,50,40,0,change_primary
1747324685.0646462,100,11,40,10,50,100,0,change_secondary
1747324692.0864553,68,9,60,8,40,84,0,change_primary
1747324696.099685,68,6,60,5,40,68,0,reload
1747324697.104623,68,4,60,5,40,68,0,reload
1747324698.1085453,68,20,44,5,40,68,0,reload
1747324704.1206374,68,9,44,5,40,68,1,reload
1747324714.1668625,43,3,60,5,40,43,1,reload
1747324724.200369,76,8,43,5,40,76,0,hold
1747324734.2228372,76,20,3,5,40,76,1,hold
1747324744.2413433,4294967290,3,0,5,40,54,0,hold
1747324754.2635272,100,4,40,10,70,100,0,hold
1747324762.2926507,78,20,0,10,70,78,0,reload
1747324764.2963703,78,14,0,10,70,78,0,change_secondary
1747324774.320557,13,13,40,5,50,57,1,hold
1747324774.320557,13,13,40,5,50,57,0,change_primary
1747324782.3322594,100,11,40,10,50,100,0,reload
1747324782.3322594,100,11,40,10,50,100,0,reload
1747324793.34761,100,14,40,10,50,100,0,hold
1747324797.3586318,100,5,40,10,50,100,0,reload
1747324797.3586318,100,5,40,10,50,100,0,reload
1747324807.3762527,100,8,24,10,50,100,0,hold
1747324817.398709,11,0,0,10,50,62,1,hold
1747324817.398709,11,0,0,10,50,62,1,change_secondary
1747324817.398709,11,0,0,10,50,62,1,change_secondary
1747324820.4130952,100,20,40,10,50,11,1,change_secondary
1747324820.4130952,100,20,40,10,50,11,1,change_secondary
1747324828.4288106,10,20,60,10,30,100,1,change_primary
1747324828.4288106,10,20,60,10,30,100,1,change_primary
1747324828.4288106,10,20,60,10,30,100,1,change_primary
1747324828.4288106,10,20,60,10,30,100,1,change_primary
1747324830.430797,10,20,60,5,30,100,0,change_primary
1747324830.430797,10,20,60,5,30,100,0,change_primary
1747324841.4526389,100,17,40,10,50,100,0,hold
1747324844.4569514,100,6,40,10,50,100,0,reload
1747324844.4569514,100,6,40,10,50,100,0,reload
1747324854.4871445,100,11,5,10,50,100,1,reload
1747324854.4871445,100,11,5,10,50,100,1,hold
1747324857.503066,100,15,0,10,50,100,0,change_primary
1747324857.503066,100,15,0,10,50,100,0,change_primary
1747324857.503066,100,15,0,10,50,100,0,change_secondary
1747324868.5213025,100,15,0,3,60,100,0,hold
1747324868.5213025,100,15,0,3,60,100,0,reload
1747324873.5305715,100,20,40,10,50,4294967254,0,reload
1747324873.5305715,100,20,40,10,50,4294967254,0,reload
1747324877.5429916,100,8,40,10,50,100,0,reload
1747324877.5429916,100,8,40,10,50,100,0,reload
1747324887.5598419,18,8,26,10,50,18,0,hold
1747324887.5598419,18,8,26,10,50,18,0,reload
1747324887.5598419,18,8,26,10,50,18,0,reload
1747324897.5759745,100,20,40,10,50,100,0,reload
1747324901.5811849,100,14,60,10,50,100,0,reload
1747324905.5904021,100,14,51,10,50,100,0,reload
1747324905.5904021,100,14,51,10,50,100,0,reload
1747324908.5958095,100,15,43,10,50,100,0,reload
1747324911.6035862,100,16,34,10,50,100,0,change_secondary
1747324911.6035862,100,16,34,10,50,100,0,change_secondary
1747324914.6203358,100,12,34,2,50,100,0,reload
1747324918.6284895,100,12,34,4,42,100,0,reload
1747324918.6284895,100,12,34,4,42,100,0,reload
1747324921.638033,40,12,34,10,33,100,0,change_primary
1747324923.6414888,40,11,34,7,33,40,0,reload
1747324927.6466012,40,9,22,7,33,40,0,reload
1747324937.6683555,100,12,40,10,50,100,0,hold
1747324939.6753564,84,2,40,10,50,100,0,reload
1747324948.7055452,84,15,20,10,50,84,0,reload
1747324948.7055452,84,15,20,10,50,84,0,reload
1747324951.709344,84,15,11,10,50,84,0,reload
1747324951.709344,84,15,11,10,50,84,0,reload
1747324951.709344,84,15,11,10,50,84,0,reload
1747324955.7158508,28,11,2,10,50,55,0,reload
1747324955.7158508,28,11,2,10,50,55,0,reload
1747324956.7225912,17,6,0,10,50,54,0,reload
1747324965.7404225,100,16,40,10,50,100,0,reload
1747324968.7611964,100,20,52,10,50,100,0,change_secondary
1747324971.7731721,100,20,52,10,50,100,0,change_secondary
1747324971.7731721,100,20,52,10,50,100,0,change_secondary
1747324972.7740662,100,20,52,10,50,100,0,change_primary
1747324972.7740662,100,20,52,10,50,100,0,change_primary
1747324975.778682,100,20,52,10,50,100,0,change_primary
1747324976.779858,100,20,52,10,50,100,0,change_primary
1747324976.779858,100,20,52,10,50,100,0,change_primary
1747324980.7927544,82,10,52,10,50,100,1,change_secondary
1747324980.7927544,82,10,52,10,50,100,1,change_secondary
1747324981.7934961,82,8,52,10,50,100,1,change_primary
1747324982.794682,82,8,52,6,50,82,0,reload
1747324986.8089387,82,9,40,6,50,82,0,reload
1747324986.8089387,82,9,40,6,50,82,0,reload
1747324991.8510377,82,7,25,6,50,82,0,reload
1747324991.8510377,82,7,25,6,50,82,0,reload
1747325001.8767726,100,20,40,10,50,100,1,hold
1747325008.9013925,100,10,40,10,50,100,0,reload
1747325019.9626052,4294967286,17,27,10,50,100,0,hold
1747325021.9718304,4294967286,17,27,10,50,34,0,reload
1747325022.9736521,4294967286,17,27,10,50,4294967286,0,reload
1747325024.9768527,4294967286,17,27,10,50,4294967286,0,reload
1747325031.9985013,100,20,40,10,50,100,0,change_secondary
1747325031.9985013,100,20,40,10,50,100,0,change_secondary
1747325032.9994805,100,20,40,10,50,100,0,change_primary
1747325038.005642,100,16,40,10,50,100,0,reload
1747325049.0266652,100,4,60,10,50,100,0,hold
1747325054.037736,40,16,40,10,50,40,0,change_primary
1747325054.037736,40,16,40,10,50,40,0,change_primary
1747325059.059908,40,20,32,10,50,40,1,reload
1747325069.2209768,73,20,60,10,50,73,0,hold
1747325079.2401264,100,20,60,10,50,100,0,hold
1747325096.3317282,100,20,60,10,50,100,0,hold
1747325100.33654,100,20,60,10,50,100,0,hold
1747325103.3406515,100,20,60,10,50,100,0,change_primary
1747325104.3425825,100,20,60,10,50,100,0,change_secondary
1747325104.3425825,100,20,60,10,50,100,0,change_secondary
1747325104.3425825,100,20,60,10,50,100,0,change_primary
1747325104.3425825,100,20,60,10,50,100,0,change_primary
1747325105.343757,100,20,60,10,50,100,0,change_primary
1747325108.3601444,100,14,60,10,50,100,0,reload
1747325112.3687098,100,12,60,10,50,100,0,hold
1747325112.3687098,100,12,60,10,50,100,0,reload
1747325112.3687098,100,12,60,10,50,100,0,reload
1747325117.3761349,100,20,47,10,50,100,0,hold
1747325120.3823702,100,14,47,10,50,100,0,reload
1747325120.3823702,100,14,47,10,50,100,0,reload
1747325125.3913581,100,20,39,10,50,100,0,hold
1747325129.4056349,89,13,39,10,50,100,0,reload
1747325132.4096828,50,12,32,10,50,89,0,reload
1747325136.4207156,10,16,23,10,50,10,0,hold
1747325136.4207156,10,16,23,10,50,10,0,reload
1747325140.4385421,10,9,15,10,50,10,0,reload
1747325140.4385421,10,9,15,10,50,10,0,reload
1747325143.443459,100,20,40,10,50,10,0,change_secondary
1747325143.443459,100,20,40,10,50,10,0,change_secondary
1747325144.4469411,100,20,40,10,50,4294967285,0,change_primary
1747325147.4542482,100,17,40,10,50,100,0,reload
1747325150.4824922,100,19,33,10,50,100,0,reload
1747325155.4896646,100,3,60,10,50,100,0,hold
1747325155.4896646,100,3,60,10,50,100,0,reload
1747325159.5080926,84,9,60,10,50,100,0,reload
1747325159.5080926,84,9,60,10,50,100,0,change_secondary
1747325159.5080926,84,9,60,10,50,100,0,change_secondary
1747325160.509569,84,20,49,10,50,100,1,change_secondary
1747325160.509569,84,20,49,10,50,100,1,change_secondary
1747325160.509569,84,20,49,10,50,100,1,change_secondary
1747325160.509569,84,20,49,10,50,100,1,change_secondary
1747325161.5104942,84,20,49,10,50,84,1,change_secondary
1747325163.5174198,84,19,49,6,50,84,0,change_primary
1747325168.5245655,30,20,29,2,50,48,0,hold
1747325172.5327246,4294967290,18,29,2,50,30,0,hold
1747325176.541066,100,19,40,10,50,100,0,hold
1747325180.548661,99,7,40,10,50,100,0,hold
1747325184.5535617,99,20,20,10,50,99,1,hold
1747325186.5561786,99,17,20,10,50,99,0,change_secondary
1747325186.5561786,99,17,20,10,50,99,0,change_secondary
1747325191.5643544,39,12,20,8,40,99,0,hold
1747325194.5691273,100,20,40,10,50,39,0,reload
1747325199.5770206,100,17,38,10,50,100,1,hold
1747325203.5881243,100,12,60,10,50,100,0,hold
1747325207.6060605,56,20,40,10,50,78,1,hold
1747325209.6172047,56,7,40,10,50,56,1,change_secondary
1747325213.6371396,56,5,40,4,50,56,0,hold
1747325217.646842,56,5,40,4,50,56,0,hold
1747325221.6562734,56,5,40,4,50,56,0,hold
1747325225.665817,100,20,40,10,50,100,0,hold
1747325229.6837742,100,20,40,10,50,100,0,hold
1747325233.6904519,100,20,40,10,50,100,0,hold
1747325237.6992915,100,20,40,10,50,100,0,hold
1747325241.706549,100,20,40,10,50,100,0,hold
1747325245.7180831,100,20,40,10,50,100,0,hold
1747325249.7237697,100,20,40,10,50,100,0,hold
1747325253.7501655,100,20,40,10,50,100,0,hold
1747325257.755755,100,20,40,10,50,100,0,hold
1747325261.765071,100,20,40,10,50,100,0,hold
1747325265.7737632,77,12,40,10,50,100,0,hold
1747325266.7797275,65,7,40,10,50,100,0,reload
1747325266.7797275,65,7,40,10,50,100,0,reload
1747325271.7872539,65,12,27,10,50,65,0,hold
1747325275.792447,65,10,27,10,50,65,0,hold
1747325278.800472,65,10,27,10,50,65,0,reload
1747325278.800472,65,10,27,10,50,65,0,reload
1747325283.8198643,65,20,14,10,50,65,0,hold
1747325287.828378,65,20,14,10,50,65,0,hold
1747325287.828378,65,20,14,10,50,65,0,change_primary
1747325287.828378,65,20,14,10,50,65,0,change_primary
1747325290.8329723,65,16,54,10,50,65,0,change_secondary
1747325290.8329723,65,16,54,10,50,65,0,change_secondary
1747325293.8371525,65,16,54,4,50,65,1,change_primary
1747325293.8371525,65,16,54,4,50,65,1,change_primary
1747325296.846342,65,11,60,2,50,65,0,reload
1747325296.846342,65,11,60,2,50,65,0,reload
1747325301.8534293,65,20,50,2,50,65,0,hold
1747325305.8584063,65,20,50,2,50,65,0,hold
1747325309.8693755,65,20,50,2,50,65,0,hold
1747325313.8771079,65,20,50,2,50,65,0,hold
1747325317.8854108,98,20,50,2,50,65,0,hold
1747325321.8910105,98,20,50,2,50,98,0,hold
1747325325.9050741,98,20,50,2,50,98,0,hold
1747325329.9145374,98,20,50,2,50,98,0,hold
1747325331.917378,98,20,50,2,50,98,1,change_primary
1747325331.917378,98,20,50,2,50,98,1,change_primary
1747325336.92749,98,18,60,2,50,98,0,hold
1747325340.9342904,98,18,60,2,50,98,0,hold
1747325344.9394345,100,18,60,2,50,98,0,hold
1747325348.9490812,100,18,60,2,50,100,0,hold
1747325349.9501107,100,14,60,2,50,100,0,change_secondary
1747325349.9501107,100,14,60,2,50,100,0,change_secondary
1747325352.9547381,100,8,60,10,40,100,0,reload
1747325352.9547381,100,8,60,10,40,100,0,reload
1747325353.9559498,100,8,60,10,40,100,0,change_primary
1747325355.962304,100,4,60,10,40,100,1,reload
1747325359.9693966,80,11,44,10,40,100,0,change_secondary
1747325361.9728465,80,9,44,3,40,100,0,change_primary
1747325361.9728465,80,9,44,3,40,100,0,change_primary
1747325366.9854994,37,15,24,2,40,37,1,hold
1747325368.989384,37,0,24,2,40,37,1,reload
1747325372.0171976,37,15,4,2,40,37,0,reload
1747325377.0305026,37,14,0,2,40,37,0,hold
1747325377.0305026,37,14,0,2,40,37,0,reload
1747325377.0305026,37,14,0,2,40,37,0,reload
1747325377.0305026,37,14,0,2,40,37,0,reload
1747325377.0305026,37,14,0,2,40,37,0,reload
1747325378.0323768,37,8,0,2,40,37,0,reload
1747325378.0323768,37,8,0,2,40,37,0,reload
1747325378.0323768,37,8,0,2,40,37,0,change_secondary
1747325383.0457945,100,20,40,10,50,4294967282,0,hold
1747325385.049028,100,20,40,10,50,100,0,change_primary
1747325385.049028,100,20,40,10,50,100,0,change_primary
1747325390.0597835,100,20,40,10,50,100,0,hold
1747325394.0672462,100,20,40,10,50,100,0,hold
1747325398.072875,100,20,40,10,50,100,0,hold
1747325401.081205,100,10,40,10,50,100,0,change_secondary
1747325406.0894902,100,10,40,10,50,100,0,hold
1747325407.093374,100,10,60,10,50,100,0,reload
1747325411.102306,100,10,60,10,50,100,0,hold
1747325411.102306,100,10,60,10,50,100,0,change_primary
1747325416.111766,100,10,60,10,50,100,0,hold
1747325417.113362,100,10,60,10,50,100,0,change_primary
1747325417.113362,100,10,60,10,50,100,0,change_primary
1747325419.1166701,100,10,60,10,50,100,0,change_secondary
1747325424.130555,78,10,60,10,50,100,1,hold
1747325425.131871,56,10,60,10,50,78,0,reload
1747325430.1381464,10,10,60,10,50,56,1,change_primary
1747325430.1381464,10,10,60,10,50,56,1,reload
1747325435.151118,10,19,50,10,50,10,0,hold
1747325439.1675742,10,7,50,10,50,10,0,hold
1747325440.1689434,8,20,30,10,50,10,0,change_secondary
1747325444.2221825,100,20,40,10,50,4294967259,0,change_secondary
1747325446.2563975,100,20,40,10,50,100,0,change_primary
1747325450.2672274,100,20,40,10,50,100,0,hold
1747325454.2722409,100,20,40,10,50,100,0,hold
1747325458.283612,100,17,40,10,50,100,0,hold
1747325459.285025,100,9,40,10,50,100,0,change_secondary
1747325459.285025,100,9,40,10,50,100,0,change_secondary
1747325464.2963223,100,20,40,10,50,4294967243,0,hold
1747325464.2963223,100,20,40,10,50,4294967243,0,change_secondary
1747325465.2981887,100,20,40,10,50,4294967243,0,change_primary
1747325465.2981887,100,20,40,10,50,4294967243,0,change_primary
1747325465.2981887,100,20,40,10,50,4294967243,0,change_secondary
1747325465.2981887,100,20,40,10,50,4294967243,0,change_secondary
1747325467.3026724,100,20,40,10,50,100,0,change_primary
1747325467.3026724,100,20,40,10,50,100,0,change_primary
1747325472.342709,100,20,40,10,50,100,0,hold
1747325476.3486676,100,20,40,10,50,100,0,hold
1747325480.3543844,100,20,40,10,50,100,0,hold
1747325484.36314,100,20,40,10,50,100,0,hold
1747325488.3897452,100,20,40,10,50,100,0,hold
1747325492.3992364,18,20,40,10,50,100,0,hold
1747325494.4019191,18,20,60,10,50,18,0,reload
1747325496.4040785,18,20,60,10,50,18,0,change_primary
1747325496.4040785,18,20,60,10,50,18,0,change_primary
1747325499.409585,18,20,60,10,50,18,0,change_primary
1747325499.409585,18,20,60,10,50,18,0,change_primary
1747325504.4175363,18,18,60,10,50,18,0,hold
1747325508.4262564,100,20,40,10,50,18,0,hold
1747325511.6359196,100,20,40,10,50,100,0,hold
1747325515.646172,100,20,40,10,50,100,0,reload
1747325516.6474593,100,20,40,10,50,100,0,change_secondary
1747325516.6474593,100,20,40,10,50,100,0,change_primary
1747325517.6482582,100,20,40,10,50,100,0,change_primary
1747325517.6482582,100,20,40,10,50,100,0,change_primary
1747325518.6510823,100,20,40,10,50,100,0,change_secondary
1747325519.6538525,100,20,40,10,50,100,0,change_secondary
1747325519.6538525,100,20,40,10,50,100,0,change_secondary
1747325519.6538525,100,20,40,10,50,100,0,change_primary
1747325519.6538525,100,20,40,10,50,100,0,change_primary
1747325521.6556737,100,20,40,10,50,100,0,change_primary
1747325522.6648524,100,20,40,10,50,100,0,change_primary
1747325522.6648524,100,20,40,10,50,100,0,change_primary
1747325526.669913,100,20,40,10,50,100,0,hold
1747325530.6795857,4294967276,10,40,10,50,100,0,hold
1747325534.6853755,100,20,40,10,50,4294967276,0,hold
1747325538.69565,100,20,40,10,50,100,0,hold
1747325542.7012458,100,20,40,10,50,100,0,hold
1747325546.71204,100,20,40,10,50,100,0,hold
1747325550.7183301,4294967288,7,40,10,50,64,0,hold
1747325551.721156,100,20,60,10,50,4294967288,0,change_secondary
1747325552.724518,100,20,60,10,50,4294967288,0,change_secondary
1747325552.724518,100,20,60,10,50,4294967288,0,change_primary
1747325552.724518,100,20,60,10,50,4294967288,0,change_primary
1747325556.7370284,100,20,60,10,50,100,0,hold
1747325560.747212,100,20,60,10,50,100,0,hold
1747325564.7833493,100,14,60,10,50,100,0,hold
1747325565.7935019,100,10,60,10,50,100,0,change_secondary
1747325565.7935019,100,10,60,10,50,100,0,change_secondary
1747325569.8023584,40,6,60,6,50,40,0,hold
1747325570.8041615,40,6,60,1,50,40,0,change_primary
1747325570.8041615,40,6,60,1,50,40,0,change_primary
1747325571.8052125,40,6,60,1,50,40,0,reload
1747325571.8052125,40,6,60,1,50,40,0,reload
1747325575.8181868,40,17,46,1,50,40,0,hold
1747325579.8319905,40,0,46,1,50,40,1,reload
1747325582.8482637,40,15,26,1,50,40,0,change_secondary
1747325585.8527882,40,8,26,10,40,40,0,reload
1747325585.8527882,40,8,26,10,40,40,0,reload
1747325588.860616,40,8,26,2,40,40,1,change_primary
1747325588.860616,40,8,26,2,40,40,1,change_primary
1747325589.8679545,40,8,26,10,30,40,1,change_primary
1747325589.8679545,40,8,26,10,30,40,1,change_primary
1747325589.8679545,40,8,26,10,30,40,1,change_primary
1747325589.8679545,40,8,26,10,30,40,1,change_primary
1747325590.8810248,40,8,26,10,30,40,1,change_primary
1747325590.8810248,40,8,26,10,30,40,1,change_primary
1747325591.8845854,40,4,26,10,30,40,1,reload
1747325595.8952315,40,13,8,10,30,40,0,hold
1747325596.8963747,40,11,8,10,30,40,0,reload
1747325596.8963747,40,11,8,10,30,40,0,reload
1747325599.9032593,6,12,0,10,30,40,1,change_secondary
1747325603.9102383,6,11,0,10,50,6,0,hold
1747325607.9154549,6,11,0,10,50,6,0,hold
1747325611.921414,6,11,40,9,50,6,0,reload
1747325611.921414,6,11,40,9,50,6,0,reload
1747325615.9351692,6,11,40,10,49,6,0,hold
1747325619.9444404,6,11,40,10,49,6,0,hold
1747325623.9506454,39,11,40,10,49,39,0,hold
1747325627.9582195,39,11,40,10,49,39,0,hold
1747325631.9652333,39,11,40,10,49,39,0,hold
1747325635.974895,39,11,60,10,49,39,0,hold
1747325639.990081,39,11,60,10,49,39,0,hold
1747325643.9971042,72,11,60,10,49,39,0,hold
1747325647.0010216,72,11,60,10,49,72,0,change_secondary
1747325647.0010216,72,11,60,10,49,72,0,change_secondary
1747325651.0093348,72,11,60,8,49,72,0,hold
1747325653.0115194,72,11,60,0,49,72,1,change_primary
1747325653.0115194,72,11,60,0,49,72,1,change_primary
1747325653.0115194,72,11,60,0,49,72,1,change_primary
1747325654.028514,72,11,60,10,39,72,1,change_primary
1747325654.028514,72,11,60,10,39,72,1,change_primary
1747325654.028514,72,11,60,10,39,72,1,change_primary
1747325654.028514,72,11,60,10,39,72,1,change_primary
1747325654.028514,72,11,60,10,39,72,1,change_primary
1747325654.028514,72,11,60,10,39,72,1,change_primary
1747325659.041097,4294967279,20,40,10,39,72,1,hold
1747325663.0468056,100,20,40,10,50,4294967279,0,hold
1747325667.0511618,100,20,40,10,50,100,0,hold
1747325671.0573645,100,20,40,10,50,100,0,hold
1747325675.0641847,100,20,40,10,50,100,0,hold
1747325679.0700557,100,18,40,10,50,100,0,hold
1747325681.0778203,100,13,40,10,50,100,1,reload
1747325686.0851724,100,20,33,10,50,100,0,hold
1747325688.11935,100,17,33,10,50,100,0,reload
1747325688.11935,100,17,33,10,50,100,0,reload
1747325688.11935,100,17,33,10,50,100,0,reload
1747325693.1292574,100,14,25,10,50,100,0,reload
1747325693.1292574,100,14,25,10,50,100,0,reload
1747325697.1347852,100,20,16,10,50,100,0,hold
1747325701.1425037,100,20,16,10,50,100,0,hold
1747325705.1501198,100,20,16,10,50,100,0,hold
1747325709.1563852,100,20,16,10,50,100,0,hold
1747325713.1622114,100,15,56,10,50,100,0,hold
1747325714.179442,100,8,56,10,50,100,0,change_secondary
1747325714.179442,100,8,56,10,50,100,0,change_secondary
1747325716.1828492,100,2,56,8,50,100,1,change_primary
1747325717.1852255,100,2,56,5,50,100,1,reload
1747325717.1852255,100,2,56,5,50,100,1,reload
1747325717.1852255,100,2,56,5,50,100,1,reload
1747325720.1919258,100,16,38,5,50,100,0,reload
1747325725.2000532,100,20,29,5,50,100,0,hold
1747325727.2023072,82,13,29,5,50,100,0,reload
1747325727.2023072,82,13,29,5,50,100,0,reload
1747325730.2122414,77,17,19,5,50,82,0,reload
1747325730.2122414,77,17,19,5,50,82,0,reload
1747325734.2241585,76,11,12,5,70,76,1,hold
1747325735.2340636,76,7,12,5,70,76,1,change_secondary
1747325735.2340636,76,7,12,5,70,76,1,change_secondary
1747325739.2424636,76,5,12,10,60,76,0,hold
1747325740.2443736,76,5,12,10,60,76,0,change_primary
1747325745.2623148,76,8,0,7,60,76,0,hold
1747325746.2642322,76,1,0,7,60,76,1,change_secondary
1747325746.2642322,76,1,0,7,60,76,1,change_secondary
1747325750.2954087,76,0,0,2,60,76,1,reload
1747325750.2954087,76,0,0,2,60,76,1,reload
1747325754.3020656,56,0,0,2,52,76,1,hold
1747325757.3092022,34,0,0,3,42,56,1,change_primary
1747325757.3092022,34,0,0,3,42,56,1,change_primary
1747325761.319221,29,12,20,2,42,32,1,hold
1747325765.3294888,29,20,0,2,42,29,0,hold
1747325769.335117,29,7,0,2,42,29,0,hold
1747325771.3549714,29,0,0,2,42,29,0,change_secondary
1747325771.3549714,29,0,0,2,42,29,0,change_secondary
1747325772.3573368,29,0,0,2,42,29,0,reload
1747325776.3851268,29,0,0,7,34,29,0,hold
1747325780.3953083,29,0,0,6,24,29,1,hold
1747325784.431608,16,0,0,6,34,27,1,hold
1747325788.4401517,16,0,0,10,24,16,0,hold
1747325792.4463458,4294967282,0,0,4,24,16,0,change_primary
1747325792.4463458,4294967282,0,0,4,24,16,0,hold
1747325796.4558682,100,20,40,10,50,100,0,hold
1747325800.4608262,100,20,40,10,50,100,0,hold
1747325804.4798934,100,20,40,10,50,100,0,hold
1747325808.4954743,50,20,40,10,50,100,0,hold
1747325811.5168366,50,20,60,10,50,50,1,reload
1747325815.52754,50,20,60,10,50,50,0,hold
1747325819.5334406,32,20,60,10,50,50,0,hold
1747325819.5334406,32,20,60,10,50,50,0,reload
1747325824.5440311,32,20,60,10,70,32,0,hold
1747325824.5440311,32,20,60,10,70,32,0,reload
1747325829.5509484,7,20,60,10,70,32,0,hold
1747325833.5592766,100,20,40,10,50,4294967258,0,hold
1747325837.5642645,100,20,40,10,50,100,0,hold
1747325840.570507,100,20,40,10,50,100,0,change_primary
1747325840.570507,100,20,40,10,50,100,0,change_primary
1747325841.5734437,100,20,40,10,50,100,0,change_primary
1747325844.5780246,100,16,40,10,50,100,0,reload
1747325848.583083,100,20,36,10,50,100,0,hold
1747325851.5910382,43,13,36,10,50,100,0,reload
1747325852.6055942,43,20,22,10,50,100,0,reload
1747325852.6055942,43,20,22,10,50,100,0,change_secondary
1747325853.6167703,41,20,22,10,50,100,1,change_secondary
1747325853.6167703,41,20,22,10,50,100,1,change_secondary
1747325853.6167703,41,20,22,10,50,100,1,change_secondary
1747325855.628487,41,20,22,10,50,43,0,change_primary
1747325859.6445525,41,11,22,9,50,41,0,change_secondary
1747325859.6445525,41,11,22,9,50,41,0,change_secondary
1747325864.6624181,4294967281,9,22,6,50,41,0,hold
1747325868.6671276,100,20,40,10,50,100,0,hold
1747325872.7000387,100,20,40,10,50,100,0,hold
1747325876.7112958,100,20,40,10,50,100,0,hold
1747325880.7167182,100,20,40,10,50,100,0,hold
1747325884.7250304,100,13,40,10,50,100,0,change_secondary
1747325887.7299328,100,13,40,2,50,100,1,change_primary
1747325887.7299328,100,13,40,2,50,100,1,change_primary
1747325888.7312646,100,13,40,10,40,100,1,change_primary
1747325890.7331889,100,13,40,6,40,100,0,reload
1747325894.7471893,100,13,40,7,34,100,0,hold
1747325895.7479873,100,8,40,7,34,100,1,reload
1747325899.7594764,100,16,23,7,34,100,0,reload
1747325903.765119,86,19,59,7,34,100,0,hold
1747325907.7737432,86,19,59,7,34,86,0,hold
1747325911.7780929,86,19,59,7,34,86,0,hold
1747325915.7869532,86,9,60,7,34,86,1,hold
1747325919.8000195,86,20,40,7,34,86,1,hold
1747325923.814796,31,1,40,7,34,31,1,hold
1747325927.8332996,31,13,20,7,34,31,0,hold
1747325930.8428206,13,2,20,7,34,31,1,change_secondary
1747325934.8480186,4294967293,2,20,10,24,13,1,hold
1747325936.8580835,100,20,40,10,50,13,0,change_secondary
1747325938.860422,100,20,40,10,50,4294967293,0,change_primary
1747325938.860422,100,20,40,10,50,4294967293,0,change_primary
1747325939.8618622,100,20,40,10,50,100,0,reload
1747325943.8707752,100,20,40,10,50,100,0,hold
1747325947.875901,100,20,40,10,50,100,0,hold
1747325951.8829286,100,12,40,10,50,100,0,hold
1747325952.885087,100,5,40,10,50,100,1,reload
1747325956.8925037,100,20,25,10,50,100,0,hold
1747325960.8991551,100,18,60,10,50,100,0,hold
1747325961.9019387,100,9,60,10,50,100,0,reload
1747325965.9132946,100,16,47,10,50,100,1,hold
1747325969.9238591,52,20,27,10,70,68,0,hold
1747325973.9300656,20,0,27,10,70,52,1,hold
1747325977.954048,4294967240,16,7,10,70,20,1,hold
1747325979.9573646,4294967240,16,7,10,70,4294967240,0,change_secondary
1747325979.9573646,4294967240,16,7,10,70,4294967240,0,change_secondary
